{
  "file_info": {
    "filename": "sample5106.csv",
    "keystroke_count": 17,
    "verification_time": "2025-11-25T21:42:50.093715"
  },
  "authentication_result": {
    "is_authentic": true,
    "confidence": 86.6587074197779,
    "ensemble_decision": "Legitimate",
    "model_agreement": 100.0,
    "final_decision": "AUTHENTICATED"
  },
  "security_analysis": {
    "risk_level": "VERY_LOW",
    "feature_anomaly_score": 0,
    "timing_anomaly_score": 0,
    "overall_anomaly_score": 0.0,
    "behavior_consistency": 100,
    "recommendations": [
      "Pattern appears normal"
    ]
  },
  "model_predictions": {
    "individual_predictions": {
      "RandomForest": "1",
      "LightGBM": "1",
      "XGBoost": "1"
    },
    "individual_probabilities": {
      "RandomForest": [
        0.345801564276542,
        0.6541984357234575
      ],
      "LightGBM": [
        0.054273592274517335,
        0.9457264077254827
      ],
      "XGBoost": [
        0.02654343843460083,
        0.9734565615653992
      ]
    },
    "best_model": "LightGBM",
    "best_model_prediction": "1",
    "best_model_confidence": 94.57264077254827
  },
  "typing_statistics": {
    "dwell_time_mean": 123.04329411764708,
    "dwell_time_std": 19.473857517081413,
    "flight_time_mean": 120.74782352941178,
    "flight_time_std": 53.29195553532833,
    "total_time": 4144.4490000000005,
    "typing_speed": 4.101872166842925,
    "dwell_flight_ratio": 1.0190104510469804,
    "pause_ratio": 0.0,
    "error_rate": 0.0
  }
}