{
  "best_model": "LightGBM",
  "available_models": [
    "RandomForest",
    "LightGBM",
    "XGBoost"
  ],
  "feature_count": 9,
  "training_date": "2025-11-25T21:39:00.466670",
  "performance_metrics": {
    "RandomForest": {
      "accuracy": 0.9162995594713657,
      "auc_score": 0.9762693801978415,
      "pr_auc": 0.9773100070079662
    },
    "LightGBM": {
      "accuracy": 0.9627998042094958,
      "auc_score": 0.9943697039278863,
      "pr_auc": 0.9945139290430032
    },
    "XGBoost": {
      "accuracy": 0.9574155653450808,
      "auc_score": 0.9941205333783119,
      "pr_auc": 0.9940252245572083
    }
  }
}