{
  "best_model": "XGBoost",
  "available_models": [
    "RandomForest",
    "LightGBM",
    "XGBoost"
  ],
  "feature_count": 9,
  "training_date": "2025-11-27T12:36:18.420165",
  "performance_metrics": {
    "RandomForest": {
      "accuracy": 0.908957415565345,
      "auc_score": 0.9733569598126237,
      "pr_auc": 0.9736913621773338
    },
    "LightGBM": {
      "accuracy": 0.956436612824278,
      "auc_score": 0.9915627018521039,
      "pr_auc": 0.9904850449996885
    },
    "XGBoost": {
      "accuracy": 0.9627998042094958,
      "auc_score": 0.9932484364548013,
      "pr_auc": 0.9929754532294368
    }
  }
}